Downloaded,Product,SKU,User,Username,"User ID","User Details",IP,Status
"2016-08-25 19:31:53",Antivirus,"AV for Mac","Zuki Shunko",zuki,1002,"Zuki, Cool Dude",174.61.231.124,active
"2016-08-25 18:40:35",Antivirus,"AV for Mac","Zuki Shunko",zuki,1002,Zuki,174.61.231.124,active
"2016-08-25 18:39:27",Antivirus,"AV for Mac","Zuki Shunko",zuki,1002,Zuki,174.61.231.124,active
"2016-08-25 18:38:51",Antivirus,"AV for Mac","Zuki Shunko",zuki,1002,,174.61.231.124,active
"2016-08-25 18:37:55",Antivirus,"AV for Mac","Zuki Shunko",zuki,1002,,174.61.231.124,active
"2016-08-25 18:22:10",Antivirus,"AV for Mac","Zuki Shunko",zuki,1002,,174.61.231.124,active
"2016-08-25 18:15:28",Antivirus,"AV for Mac","Zuki Shunko",zuki,1002,,174.61.231.124,active
"2016-08-25 18:15:25",Antivirus,"AV for Mac","Zuki Shunko",zuki,1002,,174.61.231.124,active
"2016-08-25 18:14:43",Antivirus,"AV for Mac","Zuki Shunko",zuki,1002,,174.61.231.124,active
"2016-08-25 18:14:41",Antivirus,"AV for Mac","Zuki Shunko",zuki,1002,,174.61.231.124,active
"2016-08-25 18:13:06",Antivirus,"AV for Mac","Zuki Shunko",zuki,1002,,174.61.231.124,active
"2016-08-25 18:12:30",Antivirus,"AV for Mac","Zuki Shunko",zuki,1002,,174.61.231.124,active
"2016-08-25 18:12:10",Antivirus,"AV for Mac","Zuki Shunko",zuki,1002,,174.61.231.124,active
"2016-08-25 18:11:45",Antivirus,"AV for Mac","Zuki Shunko",zuki,1002,,174.61.231.124,active
"2016-08-25 18:10:53",Antivirus,"AV for Mac","Zuki Shunko",zuki,1002,,174.61.231.124,active
"2016-08-25 18:10:49",Antivirus,"AV for Mac","Zuki Shunko",zuki,1002,,174.61.231.124,active
"2016-08-25 18:10:12",Antivirus,"AV for Mac","Zuki Shunko",zuki,1002,,174.61.231.124,active
"2016-08-25 18:10:10",Antivirus,"AV for Mac","Zuki Shunko",zuki,1002,,174.61.231.124,active
"2016-08-25 18:09:56",Antivirus,"AV for Mac","Zuki Shunko",zuki,1002,,174.61.231.124,active
"2016-08-25 18:09:54",Antivirus,"AV for Mac","Zuki Shunko",zuki,1002,,174.61.231.124,active
"2016-08-25 18:09:23",Antivirus,"AV for Mac","Zuki Shunko",zuki,1002,,174.61.231.124,active
"2016-08-25 18:09:22",Antivirus,"AV for Mac","Zuki Shunko",zuki,1002,,174.61.231.124,active
"2016-08-25 18:09:09",Antivirus,"AV for Mac","Zuki Shunko",zuki,1002,,174.61.231.124,active
"2016-08-25 18:09:07",Antivirus,"AV for Mac","Zuki Shunko",zuki,1002,,174.61.231.124,active
"2016-08-25 18:08:27",Antivirus,"AV for Mac","Zuki Shunko",zuki,1002,,174.61.231.124,active
"2016-08-25 18:04:20",Antivirus,"AV for Mac","Zuki Shunko",zuki,1002,,174.61.231.124,active
"2016-08-25 16:32:56",Antivirus,"AV for Mac","Zuki Shunko",zuki,1002,,174.61.231.124,active
"2016-08-25 16:31:36",Antivirus,"AV for Mac","Zuki Shunko",zuki,1002,,174.61.231.124,active
"2016-08-25 16:31:28",Antivirus,"AV for Mac","Zuki Shunko",zuki,1002,,174.61.231.124,active
"2016-08-25 16:30:16",Antivirus,"AV for Mac","Zuki Shunko",zuki,1002,,174.61.231.124,active
"2016-08-25 15:48:53",Antivirus,"AV for Mac","Zuki Shunko",zuki,1002,,174.61.231.124,active
"2016-08-09 18:07:49",Antivirus,"AV for Mac","Zuki Shunko",zuki,1002,,73.225.4.101,active
"2016-07-18 22:16:20",,,"Zuki Shunko",zuki,1002,,73.225.4.101,active
"2016-07-01 21:47:33",,,"Ilya Shunko",ishunko,1001,,73.225.4.101,active
